{"count":1,"self":10745.788825599999,"total":42592.394514,"children":{"InitializeActuators":{"count":16,"self":0.0025199999999999997,"total":0.0025199999999999997,"children":null},"InitializeSensors":{"count":16,"self":0.0015769999999999998,"total":0.0015769999999999998,"children":null},"AgentSendState":{"count":9845700,"self":188.7259392,"total":789.415341,"children":{"CollectObservations":{"count":31506240,"self":124.3347072,"total":124.334712,"children":null},"WriteActionMask":{"count":31506240,"self":49.8694336,"total":49.869434999999996,"children":null},"RequestDecision":{"count":31506240,"self":113.120896,"total":426.485257,"children":{"AgentInfo.ToProto":{"count":31506240,"self":113.4472704,"total":313.364359,"children":{"GenerateSensorData":{"count":31506240,"self":199.9170944,"total":199.917092,"children":null}}}}}}},"DecideAction":{"count":9845700,"self":29419.628134399998,"total":29419.628918,"children":null},"AgentAct":{"count":9845700,"self":1633.6753664,"total":1637.5570739999998,"children":{"AgentInfo.ToProto":{"count":279976,"self":1.5078159999999998,"total":3.88171,"children":{"GenerateSensorData":{"count":279976,"self":2.373894,"total":2.373894,"children":null}}}}}},"gauges":{"BrawlOnes.CumulativeReward":{"count":279976,"max":11.2576485,"min":-14.2820415,"runningAverage":-2.48321366,"value":3.07761526,"weightedAverage":-1.704701}},"metadata":{"timer_format_version":"0.1.0","start_time_seconds":"1685771607","unity_version":"2021.3.15f1","command_line_arguments":"\/home\/andrew\/Unity-2021.3.15f1\/Editor\/Unity -projectpath \/home\/andrew\/Documents\/Unity\/ml-brawlhalla -useHub -hubIPC -cloudEnvironment production -licensingIpc LicenseClient-andrew -hubSessionId 7d75c5f6-441c-46b2-9a9d-4622bb0ecfaf","communication_protocol_version":"1.5.0","com.unity.ml-agents_version":"2.2.1-exp.1","scene_name":"Brawl","end_time_seconds":"1685814200"}}