{"count":1,"self":17507.7359616,"total":40912.7777853,"children":{"InitializeActuators":{"count":2,"self":0.0020014,"total":0.0020014,"children":null},"InitializeSensors":{"count":2,"self":0.0019974999999999997,"total":0.0019974999999999997,"children":null},"AgentSendState":{"count":3885220,"self":67.01200639999999,"total":304.9491907,"children":{"CollectObservations":{"count":4662264,"self":41.250048,"total":41.250048799999995,"children":null},"WriteActionMask":{"count":4662264,"self":14.1536976,"total":14.1536973,"children":null},"RequestDecision":{"count":4662264,"self":37.305536,"total":182.53343719999998,"children":{"AgentInfo.ToProto":{"count":3885220,"self":33.0930016,"total":145.2278996,"children":{"GenerateSensorData":{"count":3885220,"self":112.13489919999999,"total":112.1348986,"children":null}}}}}}},"DecideAction":{"count":3885220,"self":22871.2431616,"total":22871.2435499,"children":null},"AgentAct":{"count":3885220,"self":228.331136,"total":228.84404709999998,"children":{"AgentInfo.ToProto":{"count":11617,"self":0.1691925,"total":0.512909,"children":{"GenerateSensorData":{"count":11617,"self":0.3437165,"total":0.3437165,"children":null}}}}}},"gauges":{"BrawlOnes.CumulativeReward":{"count":23234,"max":6.57683325,"min":-7.70916939,"runningAverage":-0.55473125,"value":6.51933336,"weightedAverage":0.3955284}},"metadata":{"timer_format_version":"0.1.0","start_time_seconds":"1666756369","unity_version":"2020.3.21f1","command_line_arguments":"C:\\Program Files\\Unity\\Hub\\Editor\\2020.3.21f1\\Editor\\Unity.exe -projectpath C:\\Users\\ajwm8\\Documents\\Programming\\Unity\\RLTest -useHub -hubIPC -cloudEnvironment production -licensingIpc LicenseClient-ajwm8 -hubSessionId b0c8dea0-54c8-11ed-b5d0-057d53b8ff17 -accessToken pg1JkM4EvcWtvul-0vu5USAe0eCtR-nOOrJdFa6InSw003f","communication_protocol_version":"1.5.0","com.unity.ml-agents_version":"2.1.0-exp.1","scene_name":"Brawl","end_time_seconds":"1666797282"}}