{"count":1,"self":13038.414233599999,"total":20952.819646,"children":{"InitializeActuators":{"count":98,"self":0.002954,"total":0.002954,"children":null},"InitializeSensors":{"count":98,"self":0.002016,"total":0.002016,"children":null},"AgentSendState":{"count":878257,"self":96.223008,"total":396.58160899999996,"children":{"CollectObservations":{"count":17215268,"self":61.006636799999995,"total":61.006634999999996,"children":null},"WriteActionMask":{"count":17215268,"self":27.8235904,"total":27.823589,"children":null},"RequestDecision":{"count":17215268,"self":60.908902399999995,"total":211.52837599999998,"children":{"AgentInfo.ToProto":{"count":17215268,"self":59.6851712,"total":150.619476,"children":{"GenerateSensorData":{"count":17215268,"self":90.9343104,"total":90.934308,"children":null}}}}}}},"DecideAction":{"count":878257,"self":5974.382592,"total":5974.3824879999993,"children":null},"AgentAct":{"count":878257,"self":1543.2245248,"total":1543.4306769999998,"children":{"AgentInfo.ToProto":{"count":13246,"self":0.084273,"total":0.20615699999999998,"children":{"GenerateSensorData":{"count":13246,"self":0.12188399999999999,"total":0.12188399999999999,"children":null}}}}},"AgentInfo.ToProto":{"count":322,"self":0.001867,"total":0.004702,"children":{"GenerateSensorData":{"count":322,"self":0.002835,"total":0.002835,"children":null}}}},"gauges":{"BrawlOnes.CumulativeReward":{"count":13568,"max":11.2245617,"min":-14.26255,"runningAverage":-1.97423542,"value":3.311966,"weightedAverage":-0.9928767}},"metadata":{"timer_format_version":"0.1.0","start_time_seconds":"1685921801","unity_version":"2021.3.15f1","command_line_arguments":"\/home\/andrew\/Unity-2021.3.15f1\/Editor\/Unity -projectpath \/home\/andrew\/Documents\/Unity\/ml-brawlhalla -useHub -hubIPC -cloudEnvironment production -licensingIpc LicenseClient-andrew -hubSessionId 7d75c5f6-441c-46b2-9a9d-4622bb0ecfaf","communication_protocol_version":"1.5.0","com.unity.ml-agents_version":"2.2.1-exp.1","scene_name":"Brawl","end_time_seconds":"1685942753"}}