{"count":1,"self":2697.495552,"total":12845.5803997,"children":{"InitializeActuators":{"count":12,"self":0.001001,"total":0.001001,"children":null},"InitializeSensors":{"count":12,"self":0.0019951,"total":0.0019951,"children":null},"AgentSendState":{"count":696460,"self":67.17089279999999,"total":341.0942564,"children":{"CollectObservations":{"count":8357520,"self":50.0670912,"total":50.067091999999995,"children":null},"WriteActionMask":{"count":8357520,"self":16.7960112,"total":16.796010799999998,"children":null},"RequestDecision":{"count":8357520,"self":44.659084799999995,"total":207.0602628,"children":{"AgentInfo.ToProto":{"count":6964600,"self":39.55936,"total":162.4011792,"children":{"GenerateSensorData":{"count":6964600,"self":122.8418176,"total":122.84182,"children":null}}}}}}},"DecideAction":{"count":696460,"self":9651.4162688,"total":9651.4164831999988,"children":null},"AgentAct":{"count":696458,"self":155.3343744,"total":155.57019789999998,"children":{"AgentInfo.ToProto":{"count":6808,"self":0.075794,"total":0.23582799999999998,"children":{"GenerateSensorData":{"count":6808,"self":0.16003399999999998,"total":0.16003399999999998,"children":null}}}}}},"gauges":{"BrawlOnes.CumulativeReward":{"count":7384,"max":11.2391653,"min":-14.2692232,"runningAverage":-2.174816,"value":10.7831631,"weightedAverage":-0.550665259}},"metadata":{"timer_format_version":"0.1.0","start_time_seconds":"1667267507","unity_version":"2020.3.21f1","command_line_arguments":"C:\\Program Files\\Unity\\Hub\\Editor\\2020.3.21f1\\Editor\\Unity.exe -projectpath C:\\Users\\ajwm8\\Documents\\Programming\\Unity\\RLTest -useHub -hubIPC -cloudEnvironment production -licensingIpc LicenseClient-ajwm8 -hubSessionId 7b716410-5983-11ed-b02b-25b4b38d1f2c -accessToken z0kEHSL9qdYj5fbvaQSR5cGRIzv5eHOzYsKCCbJ7Th0003f","communication_protocol_version":"1.5.0","com.unity.ml-agents_version":"2.1.0-exp.1","scene_name":"Brawl","end_time_seconds":"1667280353"}}