{"count":1,"self":103.768512,"total":162.207067,"children":{"InitializeActuators":{"count":88,"self":0.002977,"total":0.002977,"children":null},"InitializeSensors":{"count":88,"self":0.0019529999999999999,"total":0.0019529999999999999,"children":null},"AgentSendState":{"count":7883,"self":0.76845299999999994,"total":3.249195,"children":{"CollectObservations":{"count":138864,"self":0.494573,"total":0.494573,"children":null},"WriteActionMask":{"count":138864,"self":0.220437,"total":0.220437,"children":null},"RequestDecision":{"count":138864,"self":0.504047,"total":1.7657319999999999,"children":{"AgentInfo.ToProto":{"count":138864,"self":0.495502,"total":1.261685,"children":{"GenerateSensorData":{"count":138864,"self":0.766183,"total":0.766183,"children":null}}}}}}},"DecideAction":{"count":7883,"self":42.556143999999996,"total":42.556143999999996,"children":null},"AgentAct":{"count":7883,"self":12.625840799999999,"total":12.627265999999999,"children":{"AgentInfo.ToProto":{"count":96,"self":0.00058599999999999993,"total":0.0014249999999999998,"children":{"GenerateSensorData":{"count":96,"self":0.000839,"total":0.000839,"children":null}}}}}},"gauges":{"BrawlOnes.CumulativeReward":{"count":96,"max":11.1905766,"min":-14.2002087,"runningAverage":-2.008292,"value":5.91415644,"weightedAverage":-1.16185427}},"metadata":{"timer_format_version":"0.1.0","start_time_seconds":"1686151417","unity_version":"2021.3.15f1","command_line_arguments":"\/home\/andrew\/Unity-2021.3.15f1\/Editor\/Unity -projectpath \/home\/andrew\/Documents\/Unity\/ml-brawlhalla -useHub -hubIPC -cloudEnvironment production -licensingIpc LicenseClient-andrew -hubSessionId 7d75c5f6-441c-46b2-9a9d-4622bb0ecfaf","communication_protocol_version":"1.5.0","com.unity.ml-agents_version":"2.2.1-exp.1","scene_name":"Brawl","end_time_seconds":"1686151579"}}