{"count":1,"self":204.8180864,"total":207.0678711,"children":{"InitializeActuators":{"count":2,"self":0.0020012999999999997,"total":0.0020012999999999997,"children":null},"InitializeSensors":{"count":2,"self":0.0030053999999999997,"total":0.0030053999999999997,"children":null},"AgentSendState":{"count":10698,"self":0.1226635,"total":0.4214712,"children":{"CollectObservations":{"count":4280,"self":0.052024299999999996,"total":0.052024299999999996,"children":null},"WriteActionMask":{"count":4280,"self":0.0119758,"total":0.0119758,"children":null},"RequestDecision":{"count":4280,"self":0.23480759999999998,"total":0.23480759999999998,"children":null}}},"DecideAction":{"count":10698,"self":0.8870484,"total":0.8870484,"children":null},"AgentAct":{"count":10698,"self":0.9352511,"total":0.9352511,"children":null}},"gauges":{"BrawlOnes.CumulativeReward":{"count":2,"max":9.733017,"min":-13.4979429,"runningAverage":-1.882463,"value":9.733017,"weightedAverage":-7.69020271}},"metadata":{"timer_format_version":"0.1.0","start_time_seconds":"1686150122","unity_version":"2021.3.15f1","command_line_arguments":"C:\\Program Files\\Unity\\Hub\\Editor\\Unity 2021.3.15f1\\Editor\\Unity.exe -projectpath C:\\Users\\ajwm8\\Documents\\Programming\\Unity\\RLTest -useHub -hubIPC -cloudEnvironment production -licensingIpc LicenseClient-ajwm8 -hubSessionId 02202be0-0541-11ee-b917-313b4b00854e","communication_protocol_version":"1.5.0","com.unity.ml-agents_version":"2.2.1-exp.1","scene_name":"Brawl","end_time_seconds":"1686150329"}}