{"count":1,"self":37701.3764096,"total":65105.149024,"children":{"InitializeActuators":{"count":98,"self":0.0029879999999999998,"total":0.0029879999999999998,"children":null},"InitializeSensors":{"count":98,"self":0.002007,"total":0.002007,"children":null},"AgentSendState":{"count":2966899,"self":313.8526976,"total":1303.671635,"children":{"CollectObservations":{"count":58155062,"self":195.5417728,"total":195.54177199999998,"children":null},"WriteActionMask":{"count":58155062,"self":90.8461952,"total":90.846196999999989,"children":null},"RequestDecision":{"count":58155062,"self":200.7511808,"total":703.43095899999992,"children":{"AgentInfo.ToProto":{"count":58155062,"self":199.9316096,"total":502.679779,"children":{"GenerateSensorData":{"count":58155062,"self":302.7481856,"total":302.748175,"children":null}}}}}}},"DecideAction":{"count":2966899,"self":20759.003136,"total":20759.003701999998,"children":null},"AgentAct":{"count":2966899,"self":5340.3201536,"total":5341.081901,"children":{"AgentInfo.ToProto":{"count":49056,"self":0.299265,"total":0.761755,"children":{"GenerateSensorData":{"count":49056,"self":0.46248999999999996,"total":0.46248999999999996,"children":null}}}}},"AgentInfo.ToProto":{"count":780,"self":0.004506,"total":0.011323999999999999,"children":{"GenerateSensorData":{"count":780,"self":0.0068179999999999994,"total":0.0068179999999999994,"children":null}}}},"gauges":{"BrawlOnes.CumulativeReward":{"count":49836,"max":11.2328434,"min":-14.3386164,"runningAverage":-2.03165269,"value":7.17437935,"weightedAverage":-0.8158326}},"metadata":{"timer_format_version":"0.1.0","start_time_seconds":"1686000799","unity_version":"2021.3.15f1","command_line_arguments":"\/home\/andrew\/Unity-2021.3.15f1\/Editor\/Unity -projectpath \/home\/andrew\/Documents\/Unity\/ml-brawlhalla -useHub -hubIPC -cloudEnvironment production -licensingIpc LicenseClient-andrew -hubSessionId 7d75c5f6-441c-46b2-9a9d-4622bb0ecfaf","communication_protocol_version":"1.5.0","com.unity.ml-agents_version":"2.2.1-exp.1","scene_name":"Brawl","end_time_seconds":"1686065904"}}