{"count":1,"self":5616.8435712,"total":26199.324070399998,"children":{"InitializeActuators":{"count":2,"self":0.0020001999999999997,"total":0.0020001999999999997,"children":null},"InitializeSensors":{"count":2,"self":0.0010012,"total":0.0010012,"children":null},"AgentSendState":{"count":3436720,"self":58.2260352,"total":255.41092949999998,"children":{"CollectObservations":{"count":4124064,"self":34.345913599999996,"total":34.3459144,"children":null},"WriteActionMask":{"count":4124064,"self":12.2825736,"total":12.2825739,"children":null},"RequestDecision":{"count":4124064,"self":31.283772799999998,"total":150.5564034,"children":{"AgentInfo.ToProto":{"count":3436720,"self":26.4107056,"total":119.2726313,"children":{"GenerateSensorData":{"count":3436720,"self":92.8619264,"total":92.861925599999992,"children":null}}}}}}},"DecideAction":{"count":3436720,"self":20129.8198528,"total":20129.8198195,"children":null},"AgentAct":{"count":3436720,"self":196.71408639999999,"total":197.24557959999999,"children":{"AgentInfo.ToProto":{"count":12450,"self":0.15609499999999998,"total":0.53149,"children":{"GenerateSensorData":{"count":12450,"self":0.375395,"total":0.375395,"children":null}}}}}},"gauges":{"BrawlOnes.CumulativeReward":{"count":24900,"max":6.59366655,"min":-7.60000038,"runningAverage":-0.5026834,"value":6.5911665,"weightedAverage":0.508638}},"metadata":{"timer_format_version":"0.1.0","start_time_seconds":"1666674082","unity_version":"2020.3.21f1","command_line_arguments":"C:\\Program Files\\Unity\\Hub\\Editor\\2020.3.21f1\\Editor\\Unity.exe -projectpath C:\\Users\\ajwm8\\Documents\\Programming\\Unity\\RLTest -useHub -hubIPC -cloudEnvironment production -licensingIpc LicenseClient-ajwm8 -hubSessionId 72f78170-540b-11ed-953c-6d4276303101 -accessToken NSlVQBRdwA0x7VIaWN5LfJnnqg-PUVdJ-uTGPexTjp4003f","communication_protocol_version":"1.5.0","com.unity.ml-agents_version":"2.1.0-exp.1","scene_name":"Brawl","end_time_seconds":"1666700282"}}