{"count":1,"self":465.0259456,"total":772.229961,"children":{"InitializeActuators":{"count":88,"self":0.002845,"total":0.002845,"children":null},"InitializeSensors":{"count":88,"self":0.0018939999999999999,"total":0.0018939999999999999,"children":null},"AgentSendState":{"count":37089,"self":3.6196352,"total":15.213982999999999,"children":{"CollectObservations":{"count":652784,"self":2.330856,"total":2.330856,"children":null},"WriteActionMask":{"count":652784,"self":1.0404879999999999,"total":1.0404879999999999,"children":null},"RequestDecision":{"count":652784,"self":2.3365389999999997,"total":8.223004,"children":{"AgentInfo.ToProto":{"count":652784,"self":2.324459,"total":5.8864649999999994,"children":{"GenerateSensorData":{"count":652784,"self":3.562006,"total":3.562006,"children":null}}}}}}},"DecideAction":{"count":37089,"self":234.1458688,"total":234.14585699999998,"children":null},"AgentAct":{"count":37089,"self":57.824639999999995,"total":57.838322,"children":{"AgentInfo.ToProto":{"count":900,"self":0.005526,"total":0.013682999999999999,"children":{"GenerateSensorData":{"count":900,"self":0.008157,"total":0.008157,"children":null}}}}}},"gauges":{"BrawlOnes.CumulativeReward":{"count":900,"max":11.18378,"min":-14.2427969,"runningAverage":-2.15510035,"value":5.81222153,"weightedAverage":-0.7720212}},"metadata":{"timer_format_version":"0.1.0","start_time_seconds":"1686150532","unity_version":"2021.3.15f1","command_line_arguments":"\/home\/andrew\/Unity-2021.3.15f1\/Editor\/Unity -projectpath \/home\/andrew\/Documents\/Unity\/ml-brawlhalla -useHub -hubIPC -cloudEnvironment production -licensingIpc LicenseClient-andrew -hubSessionId 7d75c5f6-441c-46b2-9a9d-4622bb0ecfaf","communication_protocol_version":"1.5.0","com.unity.ml-agents_version":"2.2.1-exp.1","scene_name":"Brawl","end_time_seconds":"1686151304"}}